{"frames":{"frameName1471534668652.png":{"frame":{"x":0,"y":0,"w":262,"h":323},"spriteSourceSize":{"x":0,"y":0,"w":262,"h":323},"sourceSize":{"w":262,"h":323}},"frameName1471534668653.png":{"frame":{"x":262,"y":0,"w":262,"h":323},"spriteSourceSize":{"x":0,"y":0,"w":262,"h":323},"sourceSize":{"w":262,"h":323}},"frameName1471534668654.png":{"frame":{"x":524,"y":0,"w":262,"h":323},"spriteSourceSize":{"x":0,"y":0,"w":262,"h":323},"sourceSize":{"w":262,"h":323}},"frameName1471534668655.png":{"frame":{"x":786,"y":0,"w":262,"h":323},"spriteSourceSize":{"x":0,"y":0,"w":262,"h":323},"sourceSize":{"w":262,"h":323}}},"meta":{"image":"ghostFire2.png","size":{"w":0,"h":0},"scale":1}}