{"frames":{"frameName1471531368686.png":{"frame":{"x":0,"y":0,"w":262,"h":323},"spriteSourceSize":{"x":0,"y":0,"w":262,"h":323},"sourceSize":{"w":262,"h":323}},"frameName1471531368687.png":{"frame":{"x":262,"y":0,"w":262,"h":323},"spriteSourceSize":{"x":0,"y":0,"w":262,"h":323},"sourceSize":{"w":262,"h":323}},"frameName1471531368688.png":{"frame":{"x":524,"y":0,"w":262,"h":323},"spriteSourceSize":{"x":0,"y":0,"w":262,"h":323},"sourceSize":{"w":262,"h":323}},"frameName1471531368689.png":{"frame":{"x":786,"y":0,"w":262,"h":323},"spriteSourceSize":{"x":0,"y":0,"w":262,"h":323},"sourceSize":{"w":262,"h":323}}},"meta":{"image":"ghostFire.png","size":{"w":0,"h":0},"scale":1}}