{"frames":{"frameName1469966305763.png":{"frame":{"x":0,"y":0,"w":453,"h":443},"spriteSourceSize":{"x":0,"y":0,"w":453,"h":443},"sourceSize":{"w":453,"h":443}},"frameName1469966305764.png":{"frame":{"x":453,"y":0,"w":453,"h":443},"spriteSourceSize":{"x":0,"y":0,"w":453,"h":443},"sourceSize":{"w":453,"h":443}},"frameName1469966305765.png":{"frame":{"x":906,"y":0,"w":459,"h":449},"spriteSourceSize":{"x":0,"y":0,"w":459,"h":449},"sourceSize":{"w":459,"h":449}},"frameName1469966305766.png":{"frame":{"x":1365,"y":0,"w":459,"h":449},"spriteSourceSize":{"x":0,"y":0,"w":459,"h":449},"sourceSize":{"w":459,"h":449}},"frameName1469966305767.png":{"frame":{"x":1824,"y":0,"w":459,"h":449},"spriteSourceSize":{"x":0,"y":0,"w":459,"h":449},"sourceSize":{"w":459,"h":449}},"frameName1469966305768.png":{"frame":{"x":2283,"y":0,"w":459,"h":449},"spriteSourceSize":{"x":0,"y":0,"w":459,"h":449},"sourceSize":{"w":459,"h":449}},"frameName1469966305769.png":{"frame":{"x":2742,"y":0,"w":459,"h":449},"spriteSourceSize":{"x":0,"y":0,"w":459,"h":449},"sourceSize":{"w":459,"h":449}}},"meta":{"image":"skeleton.png","size":{"w":0,"h":0},"scale":1}}